val0,val1,val2,val3,val4,val5,val6,val7,val8,val9,val10,val11,val12,val13,val14,val15,val16,val17,val18,val19,val20,val21,val22,val23,val24,val25,Name 
16.800053,6.220366,14.598094,7.043358,24.555603,18.002298,23.15859,10.188182,10.145894,20.851692,3.061821,20.324678,5.992236,18.108089,35.580818,38.719284,81.748848,67.077332,75.839714,156.66774,137.475189,118.594597,209.252136,54.132118,64.125519,56.691422,Not Truck
3.908375,2.162436,4.635899,2.302986,2.710503,3.719888,2.837007,5.310152,3.543093,1.252305,5.334623,3.582225,10.449992,31.760582,32.80542,19.904337,13.307689,16.306547,11.989157,36.789402,116.411743,30.595438,19.632614,11.595267,44.933453,18.654766,Not Truck
0.396061,1.224776,1.667087,2.885304,1.193835,2.312155,0.315682,1.103037,1.39913,3.105575,2.387284,2.382298,5.504661,12.072829,4.925054,12.907085,5.769635,11.373745,13.531621,34.185253,36.418976,55.950111,29.254936,92.025719,67.148911,33.25029,Not Truck
16.121033,5.425374,11.683378,14.919496,8.379934,23.834023,3.415793,33.797775,6.492884,39.025097,14.698777,53.559433,10.661111,73.226181,24.791058,92.97644,62.158871,140.449127,263.632355,249.86348,99.039703,15.646012,48.332573,10.899608,63.566227,58.743782,Not Truck
13.512334,11.057041,7.374691,6.534472,6.264174,9.640747,5.16062,12.073956,6.105988,13.924986,11.453483,11.355126,10.254423,40.084766,17.291441,31.088976,11.803552,43.6507,69.212166,116.658524,66.821045,72.209892,27.950127,28.452646,39.143219,48.579109,Not Truck
6.112021,5.031329,7.812446,10.746124,7.739587,8.852869,5.906905,6.890625,12.47121,8.345931,8.616031,9.902383,7.631723,17.518509,14.604995,22.469305,23.846462,32.291016,20.428158,14.001432,118.883476,107.01857,45.880981,104.838371,96.835983,31.820789,Not Truck
42.084045,11.955887,2.208622,18.367325,18.981195,9.731553,12.594934,4.708116,15.286007,13.374978,21.062485,24.359772,13.560573,35.409607,8.98593,15.235989,44.206516,27.02187,21.50976,18.80341,68.633026,74.429642,209.790787,107.54174,139.229019,71.974678,Not Truck
9.620545,22.07218,12.43596,16.427588,19.13677,24.86442,16.632113,11.518899,11.391465,14.817772,12.552667,56.101349,27.262991,18.394495,56.554558,39.491695,190.760178,37.079556,63.464035,8.769666,16.078829,56.339436,26.382528,51.717785,27.20882,103.662354,Not Truck
5.926264,4.328458,16.618847,12.082155,3.815175,28.856941,5.951998,36.183884,11.868433,26.46113,34.423569,14.201946,21.918798,17.370417,37.451271,54.940998,37.510643,58.623337,27.100712,22.052631,134.941956,24.797447,25.604555,102.564568,26.1789,84.742851,Not Truck
1.806572,8.330762,13.66182,8.284776,10.661489,11.623494,11.918887,4.144523,7.516144,13.734999,6.625969,14.237039,16.08802,17.619989,3.797475,54.066391,20.879383,23.357391,108.793961,54.143059,219.851624,62.448841,87.320061,30.096933,41.594749,88.108994,Not Truck
4.009427,0.688545,3.331761,2.1431,7.099448,6.541009,7.811322,2.254458,3.770936,4.150184,3.29751,4.99753,25.580055,13.961624,12.347135,38.323441,46.14016,105.509903,45.941944,35.959396,221.239685,50.89854,41.674686,74.106499,69.882172,97.481422,Not Truck
9.39255,6.795364,8.293692,11.323696,22.365387,30.020327,27.92976,12.669309,30.75812,7.685894,14.749983,7.765175,19.132797,14.767129,54.379036,4.851476,49.937145,77.557404,35.886497,40.581348,95.665665,68.744049,71.15564,36.022385,50.055668,52.277248,Not Truck
60.141857,54.763336,19.010336,23.275255,35.504463,34.818558,6.693916,33.341534,2.796199,13.75365,18.561617,5.318668,5.027124,11.284145,6.103909,10.286004,6.412047,8.429664,1.948165,13.864783,14.731951,10.760314,6.194924,15.445088,31.174637,12.978004,Not Truck
0.376986,3.227729,2.943781,2.141743,3.783494,3.923343,5.842597,3.190948,5.77956,6.633956,3.658759,6.712518,2.354172,6.314396,22.355053,5.549357,10.50571,8.549416,11.213389,59.003639,10.101012,12.704915,21.956381,23.399549,53.691162,21.742054,Not Truck
2.536553,10.219239,5.46539,11.623205,17.530472,19.145884,31.63798,3.899482,3.320446,12.674261,21.672815,21.216585,26.369442,23.663343,12.33562,40.55434,135.565125,41.064571,81.279793,33.729652,15.405062,147.106644,17.591311,183.545288,58.479843,48.165318,Not Truck
23.326748,9.704222,4.181383,2.683714,15.722309,10.079663,12.609881,25.566685,4.260157,16.238276,17.69245,52.633465,11.540215,16.05715,38.815125,23.686419,42.305725,76.702179,96.72213,75.477768,110.253365,308.649017,179.339722,88.998833,275.314392,236.122116,Not Truck
2.257579,28.717283,22.980505,16.910969,33.586498,16.327799,47.100845,5.121324,6.766365,8.780875,33.6143,15.717515,62.944561,16.350122,13.419086,79.994362,17.570864,19.048786,66.806961,177.412872,119.282082,169.355011,275.638702,103.750206,51.315788,104.776344,Not Truck
5.268454,0.120181,4.994025,2.576183,5.737735,4.01182,5.712229,10.635288,5.457714,10.196486,8.947837,21.296041,13.695153,30.294809,46.44677,10.15526,24.691936,25.800653,162.459808,19.863209,85.020439,27.534376,61.488491,39.139843,11.618785,37.674908,Not Truck
22.486834,13.363514,24.523504,19.563608,29.975046,19.371056,20.895035,8.422405,10.910727,30.034225,29.109688,55.446636,55.96442,15.515594,29.492676,10.148867,14.746825,106.115547,58.633476,175.094604,119.386589,117.186844,142.683289,225.36087,29.969364,239.275223,Not Truck
9.837284,15.001226,4.706309,7.49424,4.823074,2.914,7.103889,0.383669,3.635377,7.513661,5.731881,15.924974,10.171785,17.788754,7.339115,14.385517,11.758156,19.132647,14.748019,6.786171,62.574257,15.517533,10.097601,53.669094,26.651728,31.182899,Not Truck
61.170036,6.668009,10.498632,26.287231,3.640836,17.364191,18.973793,39.783607,8.149072,38.963638,35.68959,34.36134,32.593235,44.023506,31.253778,66.455063,10.023285,41.751282,21.474049,66.830917,35.99707,78.499283,88.423248,151.880051,167.618011,125.245689,Not Truck
3.192954,14.421318,7.329539,8.219219,0.842834,8.227803,6.212394,13.906136,10.083072,15.681011,8.700796,15.480039,25.032701,13.72275,4.740485,17.609941,17.523457,23.406197,20.339294,26.387154,42.344753,122.174232,121.430458,46.002811,83.487503,20.096977,Not Truck
26.731688,46.150494,8.58558,16.481155,25.172394,3.804096,24.277489,23.14341,8.155491,65.638763,31.802307,82.102791,46.432598,54.14312,235.201004,193.371902,173.667404,147.255585,41.968712,118.034019,28.755116,61.920532,10.181803,20.730206,33.496658,41.87101,Not Truck
19.129435,22.647779,11.956151,32.676964,1.787228,37.360016,9.758269,56.135777,9.145025,14.630916,54.926449,67.838982,17.187145,78.157143,59.728882,83.138542,40.799763,137.805222,6.523897,140.162628,38.735977,243.237915,152.147675,249.273239,95.053825,15.669269,Not Truck
7.158019,17.604368,1.705286,13.44092,13.162705,13.749139,20.993029,19.651289,14.86448,24.968161,3.725329,12.595844,35.815125,49.407082,32.416477,125.012337,99.412827,52.320332,176.456024,88.607178,53.067753,51.304691,63.220097,91.978004,58.778339,104.355545,Not Truck
14.313651,5.310853,3.488955,5.097337,2.996164,7.946471,11.266419,11.022064,3.879041,12.132346,10.696341,20.718637,8.510333,26.853836,9.372951,10.91123,37.410114,12.452785,10.262,21.60648,16.624914,26.643923,50.402458,20.237858,24.409182,31.514677,Not Truck
8.361272,11.194755,7.694627,4.315386,14.78627,11.263803,4.05175,3.788202,11.502653,15.91078,12.066904,5.811865,12.597778,10.13752,13.587114,18.529116,45.780689,26.097116,56.531712,33.309666,1.470323,40.161545,22.089365,73.255981,15.656924,22.213974,Not Truck
17.816227,12.767303,12.094293,4.636378,8.338392,16.369125,12.992351,12.644629,8.834064,18.638304,11.231716,11.459157,13.521743,30.684584,22.635099,49.798576,71.542397,47.064667,48.815708,45.505802,124.249557,78.790344,48.030319,157.553726,35.89003,41.921009,Not Truck
12.308227,14.975891,13.624677,3.562507,15.032517,3.518245,20.863657,12.952258,18.388809,12.392772,11.268192,10.242858,12.848587,12.903028,11.496054,14.909412,17.97101,23.682898,30.256609,65.09687,63.09354,47.812656,72.819855,27.455191,30.215502,5.275636,Not Truck
35.000072,24.912449,15.97373,21.015915,6.905764,20.038252,16.816414,13.198011,21.881969,2.817251,29.385244,25.858871,30.395287,38.013832,53.54937,16.166159,60.846367,61.960552,95.794556,106.045815,87.532753,104.855446,34.678123,111.257027,145.822968,56.159058,Not Truck
15.439303,11.07621,16.475565,6.015555,17.614433,26.900763,9.659301,10.438833,4.609138,18.591742,16.62722,9.820165,47.633923,49.53624,86.093651,22.785936,44.711346,57.90876,92.260483,97.124779,298.48819,92.715889,29.321171,98.366707,116.108116,97.2537,Not Truck
1.41412,14.47196,15.606913,2.175634,5.78879,11.307273,7.488484,16.893351,3.807869,27.478834,20.193409,28.270105,27.050392,66.991173,100.953064,72.885323,40.122654,122.000504,212.40329,67.397903,38.358192,121.042633,74.067818,100.391731,55.473804,8.796271,Not Truck
3.320818,6.719447,21.06752,8.144821,17.777561,6.107195,20.964468,21.726458,10.396165,7.878464,45.167122,47.126629,41.808735,6.886957,4.083795,28.356682,17.513912,25.748814,37.072796,65.496056,101.624168,109.151161,109.516495,215.541458,42.617622,11.817663,Not Truck
9.329886,6.171722,4.211051,2.945372,4.026556,4.103039,4.254046,7.553989,3.524536,9.467255,4.891248,10.581553,3.054344,16.048384,1.496826,4.125453,19.96419,12.367824,15.580454,15.931183,14.121943,69.158318,29.897512,52.14481,51.57922,39.696159,Not Truck
6.492377,8.404822,18.910288,17.938688,9.416211,9.058092,3.138452,13.784737,20.816629,39.555164,2.544462,24.223919,20.340992,53.336063,28.65575,34.792282,41.502499,59.573189,41.778084,139.358887,194.365433,36.332775,67.697098,23.835291,65.501625,75.370682,Not Truck
33.822205,7.208048,31.476559,5.158845,21.514757,24.385973,24.178526,34.373341,19.133968,38.650272,30.743557,32.632797,8.643132,59.34343,17.130663,160.364014,186.977448,195.07373,29.991987,129.519836,36.912838,202.811569,223.844147,36.415836,32.962372,13.970355,Not Truck
14.862853,14.068739,18.380398,7.682543,0.861582,26.77092,28.213707,31.249071,17.560806,27.185675,10.339315,35.684708,11.613504,38.352154,57.197945,68.163994,49.420101,97.293678,142.826447,87.11879,89.384186,157.143509,150.295334,104.884865,43.210155,71.174629,Not Truck
3.885472,4.237309,6.099125,9.46323,6.453716,6.64206,5.993937,14.1277,5.92843,19.678316,7.496409,20.33383,8.312225,27.639425,27.294485,48.924793,13.480367,88.164139,193.955338,118.076164,25.604176,34.256924,86.250755,25.989918,43.430248,26.736681,Not Truck
1.230597,6.501246,2.655655,6.733967,24.836533,20.885084,20.93869,11.1221,11.691053,46.254913,10.175923,4.951952,37.651264,8.759078,15.994922,23.433193,25.794683,69.12291,40.45713,117.705841,24.572571,27.403818,16.91087,29.970745,25.18148,20.17272,Not Truck
38.367668,33.445568,7.845647,23.618019,5.266724,75.849213,49.507168,45.450474,52.50174,236.951721,60.385838,163.719818,39.082256,46.759026,17.196371,42.912613,14.563989,20.672443,10.789559,21.255945,12.344703,11.185588,34.280258,9.087877,16.513475,16.734974,Not Truck
27.801783,2.349043,16.840199,22.511356,43.19104,31.385427,11.720993,16.526825,30.218466,19.633635,31.887474,23.208532,45.28817,33.206608,8.482759,13.76939,16.981106,21.797747,19.0077,4.321774,32.068253,14.696363,34.886444,31.201002,27.407364,10.773396,Not Truck
7.46967,3.99127,11.540435,7.230672,4.586606,3.600342,8.28636,8.828529,1.959325,6.412651,2.748469,5.573304,4.148674,5.98348,4.492283,4.833787,3.398634,4.545177,4.22931,4.241944,20.55439,20.966394,22.066238,8.711359,7.110527,19.368006,Not Truck
114.717728,18.452555,63.266953,24.669653,47.22694,28.843639,23.171896,50.018898,16.746632,20.662455,16.64773,25.482077,11.464169,20.19467,10.391596,16.595812,12.261749,32.203396,4.16077,11.556898,9.494595,4.396999,2.866561,5.797002,16.639526,7.395132,Not Truck
74.002541,70.293411,11.553967,82.735443,78.642677,22.126656,22.394964,28.869518,43.439674,21.205585,109.745941,54.64463,24.487513,9.73828,42.849022,21.240835,8.560019,32.403893,21.797596,0.994802,20.698317,24.848785,1.897835,15.675767,23.769886,12.242959,Not Truck
11.731747,3.173129,7.698283,3.764982,2.903969,6.497125,3.385623,4.216845,2.074889,2.040463,2.633355,3.673338,3.315032,8.143148,5.958513,5.044683,4.187271,18.497105,8.515539,10.880048,21.030956,9.739664,8.818341,10.997478,32.571739,32.693604,Not Truck
29.920309,30.371387,12.207746,12.821053,28.516462,26.136076,16.08189,27.299376,16.239353,6.98199,5.234272,7.649584,14.591451,7.50898,6.252663,19.039459,11.063081,6.994491,1.572416,3.342249,8.006392,12.453688,9.306875,9.390656,6.611976,7.119633,Not Truck
2.906163,14.303061,22.359581,14.630579,58.124207,8.526146,27.116859,16.605343,51.750397,12.067876,27.290976,18.734737,112.394508,37.295364,37.891319,41.127983,127.514702,21.422493,31.771103,57.775784,35.46307,31.799198,6.615603,20.939293,48.436108,22.60368,Not Truck
17.545248,6.102457,17.117857,8.508221,44.103153,35.151272,33.483894,43.471203,57.619171,68.89196,93.889076,94.327179,24.05555,34.476353,25.329481,76.94796,13.013463,20.498402,26.102325,19.309013,20.21302,14.5322,18.219212,11.179334,27.668348,12.047955,Not Truck
113.758133,38.83802,27.729794,39.151665,1.920933,19.371721,20.087696,22.748857,30.245272,3.849673,33.406128,14.152702,25.897514,24.989086,36.621609,22.166273,22.139044,44.795441,51.380486,36.846523,59.61063,28.530439,29.096523,57.494987,109.293747,48.730053,Not Truck
20.347713,14.401836,48.858894,54.620369,48.578571,75.330269,92.811897,133.518967,46.850666,50.457611,44.347435,50.475964,29.849218,28.604559,33.736897,24.204227,17.744413,10.878786,8.848468,11.598898,21.263746,2.911418,15.268767,12.786598,4.520983,10.078674,Not Truck
10.903345,45.12677,45.598503,27.73423,90.970985,42.321884,234.276169,137.017975,58.828712,106.464096,77.76265,18.245005,6.55721,31.053783,28.124517,23.869152,11.955832,21.237127,38.414722,34.714249,27.927685,23.128782,23.671003,36.245239,33.177628,24.372894,Not Truck
6.449772,4.566771,13.967216,14.90271,6.143508,14.30632,11.732009,15.418588,1.978015,4.790276,17.228031,8.998938,2.949346,9.567365,10.88721,11.741614,5.099576,15.786453,40.022541,37.394009,69.151505,56.886921,31.975254,53.582794,48.027775,17.164568,Not Truck
83.291718,59.76421,19.734755,23.759655,91.412025,119.030701,65.096306,41.953045,23.913185,89.8908,29.316929,56.046741,4.50227,72.871048,27.715267,47.356693,32.650204,15.950807,41.614059,30.120659,37.153313,39.751057,41.468819,30.118843,17.569782,39.776169,Not Truck
47.325104,47.842407,13.882147,98.774559,133.669357,81.062889,97.525764,79.413231,11.550838,73.245407,135.645493,83.63768,24.466589,32.892403,30.645563,23.580009,3.776062,37.396748,9.704273,26.467924,21.173412,35.523228,26.213041,10.275284,13.101256,12.583682,Not Truck
11.04659,21.89551,27.766804,40.488991,25.091204,119.097824,86.125214,172.396027,34.263744,52.718212,40.730865,48.508015,16.482164,42.662579,46.987648,61.724586,57.683964,47.184368,10.592813,20.958031,14.843143,27.10556,30.581905,34.852249,32.294094,52.499512,Not Truck
6.924363,13.218647,7.048562,26.575022,51.766773,5.718132,27.414003,24.3811,115.849365,20.512369,8.133648,22.697222,78.686714,32.818119,17.670284,22.637386,38.875153,18.152056,53.569981,34.24279,31.300257,18.04211,70.194595,21.919292,41.852947,40.719013,Not Truck
21.850746,18.362665,31.665855,37.071209,73.748291,21.107796,6.657174,46.731041,38.927406,97.457924,28.99704,31.426098,9.37493,9.72351,12.072695,2.341711,9.21644,9.656728,12.116112,17.501978,12.565681,20.771132,29.183662,3.546884,13.479323,17.717442,Not Truck
14.756621,20.749182,16.059502,44.849495,53.451199,46.57935,34.89547,53.99852,39.121586,102.79493,48.264946,69.148094,23.814293,42.650288,17.338881,32.925556,33.546638,14.428125,47.37957,34.747154,24.244865,7.94502,9.468607,16.897417,15.798175,24.344374,Not Truck
12.574755,19.22452,19.35927,85.586952,75.388641,73.789543,23.311867,113.765282,33.158871,17.05961,49.473427,25.097439,14.512919,21.005829,12.574253,12.769721,18.135281,12.181393,19.855776,18.37322,14.779675,26.394035,53.15546,13.151089,5.992877,12.490599,Not Truck
16.230536,11.880019,11.22704,18.302469,3.658071,26.288406,14.950616,17.436085,8.702584,22.979847,15.113275,16.928583,13.857143,38.632347,20.949139,33.492676,67.899986,84.736465,74.395866,59.962376,44.491463,42.451466,65.766747,94.134453,4.591609,66.042595,Not Truck
12.130201,13.347885,11.896224,8.993851,11.115656,11.888119,10.04254,9.988855,13.256506,3.996581,4.812799,3.275285,12.771598,16.974831,25.678394,11.181577,31.449453,25.061981,75.013206,53.092823,11.587423,113.373749,56.10556,49.843227,6.875262,135.911957,Not Truck
6.988739,9.524365,3.350904,3.443912,2.834552,5.43861,4.778756,8.11202,5.721832,5.548801,3.053078,3.246789,7.17163,9.65119,13.506042,6.446516,22.58592,32.807304,31.165581,30.992905,37.835335,79.762131,53.383934,41.108364,44.158718,23.728386,Not Truck
4.515579,6.329615,2.133295,8.212878,1.073523,8.671283,4.162394,6.690547,4.344802,8.006944,4.885417,6.3293,14.824613,11.635335,26.092264,13.282529,15.201933,29.498695,14.917944,29.880157,75.04213,8.909787,9.460227,16.340508,26.885244,10.067567,Not Truck
3.535597,2.952108,4.703157,0.852336,2.870883,0.456204,1.865331,3.157891,1.424869,3.217739,2.942298,1.016464,7.730141,3.561941,2.47505,11.764823,11.154994,1.926452,2.028573,19.985193,22.044474,26.517349,6.674476,5.574106,37.707874,5.901981,Not Truck
24.880075,22.058023,32.037876,27.725605,13.425723,27.467371,25.460703,27.584053,25.156128,17.960449,30.703695,38.800808,52.933346,31.445581,18.815834,57.284458,17.660677,24.767309,92.910431,163.602417,192.188309,72.246712,118.362549,15.70083,129.438095,106.820808,Not Truck
1.196602,5.415608,2.704886,9.099428,6.106131,13.67986,4.985311,10.420377,7.69335,11.021144,5.783114,11.12479,10.393531,22.049969,15.365294,36.666336,16.464233,5.063208,62.596947,156.891327,156.182755,53.262901,16.885511,107.747459,77.578598,67.46315,Not Truck
11.44263,8.086678,5.570777,6.010928,11.420195,14.765969,3.919481,4.403332,10.216603,42.250896,14.430636,10.809571,9.297468,19.626339,16.666042,15.465734,19.663645,22.173321,21.944923,33.302704,70.555374,30.840818,77.07563,59.481556,44.297298,7.106922,Not Truck
23.890745,5.97768,8.530486,0.742805,3.242084,7.182227,5.599763,10.96438,11.241741,8.069425,10.846638,2.885203,10.283481,32.703644,8.131866,25.809086,27.732433,23.318521,35.103657,12.227454,25.505905,75.50428,55.753735,39.478783,48.08181,42.671265,Not Truck
7.734365,5.793816,9.919679,14.274932,50.54327,25.782307,27.662521,14.614103,64.887749,18.249266,11.016664,3.192738,22.016323,6.807227,6.391021,14.880753,24.069845,23.012842,27.95314,32.072376,7.601528,24.127033,68.091507,29.353878,75.320518,25.920881,Not Truck
5.7666,3.293984,2.319979,3.112725,3.582648,4.830343,8.095404,1.760211,5.330641,1.465077,6.857626,5.483607,2.634726,5.767329,3.328113,5.823201,3.449351,1.284564,2.686646,3.686953,8.366325,6.597012,5.547149,1.851045,6.435955,1.698826,Not Truck
8.574375,9.788529,4.666153,5.504857,1.133288,2.662048,1.416147,8.856292,5.114269,13.497481,9.847374,16.927553,55.800964,4.906297,39.542759,39.950287,31.277822,33.856564,25.732946,75.557915,11.944035,83.414085,63.21743,23.724064,27.710859,10.613611,Not Truck
6.74849,16.019442,13.640128,9.674357,57.549309,17.163244,9.000512,11.305387,17.115053,12.475484,8.62049,3.998144,4.016782,5.531758,6.371773,10.5947,44.217068,23.472368,31.477917,38.269707,39.072441,38.902069,48.877819,29.202879,31.473974,17.932089,Not Truck
8.570691,11.008796,5.976481,0.624606,4.100076,10.936234,6.910261,5.990877,7.340879,8.957367,13.517286,12.857782,3.802181,9.025541,33.774086,31.188759,23.937489,81.955574,28.776533,79.772659,68.758469,29.695213,40.226326,58.361115,54.606857,29.645315,Not Truck
4.396957,26.738773,4.552861,37.998123,25.22534,93.834991,36.177277,33.197094,12.108364,29.780806,6.484347,27.109566,19.754227,47.283379,12.811771,22.712545,22.281404,39.581432,22.682665,22.725166,37.52132,30.839279,40.591419,20.882172,23.690193,25.05633,Not Truck
3.941361,15.001307,38.837261,50.000534,53.955151,101.143974,62.841522,100.406403,23.993372,67.407356,79.481606,46.151901,84.152596,15.520981,14.768653,15.650438,7.756742,20.485847,6.299596,31.645029,12.914257,15.958382,10.452536,36.616547,8.983497,17.447296,Not Truck
1.391163,2.744529,5.057024,5.38823,5.509872,3.069797,6.305573,4.968459,3.781945,6.09264,7.499896,7.319478,13.563594,9.313162,0.777389,18.155664,14.701606,43.927593,51.653851,96.519951,87.635475,106.603745,8.571391,34.106007,27.365072,40.023888,Not Truck
7.469391,9.201821,4.621037,12.197564,34.978531,16.114388,7.701765,10.375539,10.754465,18.203497,5.925877,18.543419,8.166981,19.708977,25.774151,36.964649,30.572748,39.982132,27.908388,19.414572,48.240368,69.553787,224.378326,107.065659,22.306963,55.465446,Not Truck
5.625578,9.550854,4.089041,8.868009,2.769982,9.865846,19.454771,6.094343,5.025867,8.257035,3.562518,8.103441,3.859459,8.848301,18.707481,5.073143,30.37879,5.615193,23.636013,40.872692,85.240395,9.139302,121.097672,38.55117,54.983822,41.691399,Not Truck
2.49837,1.53333,2.019737,0.882868,1.163474,1.050799,1.35641,1.834296,2.112095,0.991872,1.102786,3.232814,3.043993,0.438923,2.025449,2.018895,5.56991,10.627264,12.291041,11.300482,9.889856,8.105428,16.696201,28.983379,31.874943,21.733042,Not Truck
10.157756,17.765734,0.818728,17.051891,8.407189,12.837328,22.459538,6.067611,15.903604,15.254608,20.444101,6.540729,9.373537,12.810717,2.58545,5.83961,8.537735,21.223169,6.512516,31.158926,60.162399,7.230127,29.981216,19.063107,52.872623,6.728489,Not Truck
27.956799,27.757156,12.101272,24.568775,18.460466,41.130184,13.108223,23.380392,35.720829,76.75737,194.644226,157.466553,41.625305,70.100266,51.716297,20.444189,52.832493,40.402763,34.21027,32.31477,10.583001,28.440838,7.679152,26.946869,14.692225,20.679682,Not Truck
1.612612,3.794645,3.001644,6.764387,7.935513,10.90434,4.899209,11.392752,12.080249,14.523149,15.430645,27.15123,23.216085,36.067497,21.386156,25.92137,14.729467,31.323042,50.57196,37.349892,37.335205,19.168997,65.048225,25.229742,57.586033,21.108292,Not Truck
15.281923,20.808233,58.695076,31.554415,61.921516,7.462298,120.099152,138.351547,128.0905,45.797432,32.854103,87.967529,111.2006,16.793736,43.081059,21.029739,16.054657,23.41749,7.467391,59.433708,21.361593,30.139099,12.606688,19.302309,16.463146,13.760386,Not Truck
3.272075,3.667748,4.13188,5.418693,5.860303,5.471557,22.142445,10.897696,2.86261,18.66815,22.178965,7.978763,14.539869,15.917243,14.75427,12.418864,14.530028,12.234628,23.523621,33.009068,55.270142,9.103704,26.857893,7.676832,16.775448,20.278399,Not Truck
6.136037,1.202801,1.533249,5.548008,31.691685,15.576682,5.05895,15.027253,4.143921,19.624712,14.810243,9.544884,10.838329,14.198047,16.113861,12.878995,33.413177,39.942204,18.43544,10.628871,11.447674,11.579729,43.576992,23.711988,70.717216,35.710197,Not Truck
5.474748,2.687577,1.060908,2.075884,4.949358,5.097141,3.606645,7.839601,3.173724,4.390422,10.384861,7.510312,7.515964,1.015292,9.02738,16.510098,11.017274,18.956549,66.563744,57.560383,11.820109,42.01273,27.849472,22.680731,46.698315,31.314262,Not Truck
12.343948,6.804196,6.546797,11.371931,9.050515,23.556881,24.66396,2.036796,10.963115,14.358463,12.250482,25.106646,2.803404,6.011204,23.310974,9.614336,35.824829,25.096355,38.871517,104.579765,251.245758,58.381512,35.67577,54.960503,25.73518,31.342587,Not Truck
10.345813,20.879028,9.718349,10.896694,8.088645,9.647216,18.430952,20.743454,14.988467,30.289909,1.252906,4.348567,21.12772,23.827869,32.727829,18.120316,70.351677,50.388577,38.732647,45.995106,177.033325,312.253235,225.642822,69.83609,55.219475,39.028049,Not Truck
1.763374,8.696746,8.090253,4.809224,2.329211,10.416237,6.325902,4.89497,4.776425,13.946458,10.27072,13.914576,1.825883,21.391209,5.248804,28.628227,11.966858,77.270111,40.389954,36.126472,65.095566,71.547424,29.287886,19.999437,8.03099,44.805645,Not Truck
6.900649,7.475473,1.624265,4.749036,0.602093,6.244159,2.495273,4.063653,4.551346,3.385509,7.21741,1.491285,11.364353,29.397417,15.458058,6.429255,27.173597,34.94891,24.177834,18.098423,36.17395,24.4911,45.094872,20.533871,65.218567,15.239351,Not Truck
0.128554,3.206547,1.263524,2.012498,3.261432,6.61055,4.523591,11.189942,6.639166,16.118713,8.698269,9.131254,9.120212,35.196724,58.205944,61.275139,18.312899,13.797815,47.603146,23.935333,15.770769,17.047918,95.58091,24.747557,31.633457,18.543753,Not Truck
6.069371,2.728984,3.685735,1.41138,2.13685,5.20846,1.360397,5.087444,5.669031,14.434409,12.661659,6.238018,7.252123,6.193952,5.819778,18.136021,11.865512,31.297462,120.857605,67.10627,64.613434,20.272533,25.810762,26.580387,32.267597,121.304832,Not Truck
8.94981,6.906823,5.594005,6.875376,5.222951,8.388753,6.89276,12.000791,3.836158,19.051491,4.950135,16.937286,6.864912,19.374327,10.523005,31.508654,24.602571,17.180681,14.039839,15.165583,64.774597,96.250801,38.324364,25.780546,48.84367,40.347572,Not Truck
3.334179,17.447445,4.288414,9.99048,11.066284,7.738353,7.512882,19.013756,4.614438,23.201441,9.988379,15.165106,11.063796,18.180162,26.969978,41.880989,23.317411,32.800396,2.604568,82.396637,113.727814,158.02597,61.303902,86.394386,8.409905,4.700474,Not Truck
8.502605,4.293819,2.825329,2.383155,3.633705,1.542122,3.401145,3.414092,2.901416,1.235547,5.840812,8.395839,9.335085,14.319555,14.167581,6.657413,1.530183,13.883612,31.650496,52.684406,33.954967,67.788254,11.732505,8.231427,11.077029,68.885025,Not Truck
3.85251,2.49425,3.024932,2.943236,0.844203,2.649096,1.136742,2.92111,1.458736,5.93043,6.746746,4.892977,10.458674,12.368444,2.296478,26.398495,41.340542,21.607635,23.201256,24.18643,47.521244,44.038162,35.415817,30.646175,42.831944,5.838375,Not Truck
3.16463,1.774111,1.083027,3.982477,0.574161,2.607693,2.167897,4.496405,1.430072,4.026503,0.276562,3.627589,10.016106,7.668849,4.426075,9.586021,2.933552,7.529543,10.289215,6.881608,26.11598,32.470993,22.304411,21.356073,18.619165,11.585627,Not Truck
5.236936,0.961275,5.726952,7.463004,1.208891,1.376994,6.475221,8.36272,2.39117,4.631517,7.505262,10.457183,21.319618,5.363377,30.256136,8.831818,35.539845,35.150597,68.063347,34.897152,14.442259,6.105161,20.064117,25.367144,53.942776,36.991314,Not Truck
3.922464,3.49856,1.700614,1.446358,0.951216,1.865243,1.565356,2.897479,2.284046,5.367409,2.711661,3.634613,4.756284,5.97052,9.012075,6.502895,8.242372,0.885947,8.651202,10.836018,8.505591,27.552519,15.145941,14.843567,13.411291,36.626587,Not Truck
5.555498,2.958646,5.78058,0.621008,3.213535,0.982815,2.573084,2.384113,1.45502,4.227118,2.642972,6.662964,6.649409,5.922641,10.792409,1.591486,11.248047,9.525287,10.738213,15.732791,18.812641,11.080647,9.263885,8.96765,4.07772,29.604053,Not Truck
7.594754,2.648901,1.670435,0.766067,1.000373,2.994346,3.109684,4.119166,4.630272,3.484865,1.90798,4.885814,4.744379,6.458532,9.943409,6.566794,7.952335,8.9355,9.06567,7.243225,27.879639,11.702152,34.281704,9.187777,11.192344,22.904003,Not Truck
8.563859,1.13729,2.543801,0.626323,1.421295,0.779558,1.230331,2.096498,1.403718,0.839216,2.327985,2.809793,8.145394,6.260878,13.856845,6.638525,7.331233,11.440734,8.753036,10.486229,32.226849,30.142746,19.950079,22.682364,7.487643,19.05217,Not Truck
3.047777,1.278903,1.415605,1.789493,0.859642,1.495531,1.382447,2.444362,5.052917,1.281194,2.954204,1.502122,0.954294,1.971468,4.957036,8.242996,7.429362,3.566354,2.112472,5.138679,10.27901,19.231812,7.59358,22.958178,15.568491,3.871871,Not Truck
1.927537,5.513077,3.093295,2.502547,0.952584,1.581788,3.404401,0.345678,1.074804,3.965066,0.599009,8.351521,5.764226,10.356987,7.573453,6.633163,7.621388,10.609518,8.111244,5.468614,15.195782,33.274807,23.491739,24.010649,2.56102,22.454447,Not Truck
6.180956,5.298552,3.253233,1.341787,4.396351,1.514428,5.218879,6.919993,2.181418,9.791186,2.466921,5.108857,7.805474,3.339453,12.334386,12.895229,37.193928,23.808058,5.043737,29.089705,25.638681,46.151802,21.272171,22.42646,3.867553,14.55896,Not Truck
3.573122,0.555313,1.433504,0.188009,0.248935,0.525383,0.646755,0.79153,0.275899,0.656454,1.196547,0.314984,1.730061,1.166331,3.135279,0.355301,0.478342,1.464961,5.525626,1.553065,6.344334,5.700606,5.622796,6.337533,4.38182,4.943849,Not Truck
10.251161,7.174942,1.64537,4.096829,3.396903,3.962714,2.959968,4.952465,4.941243,3.39185,3.704125,5.533652,9.691981,3.617049,11.969762,13.100719,11.037977,6.798268,12.27247,20.583834,28.36643,47.24934,14.635087,8.418939,41.712105,1.321176,Not Truck
15.70235,1.392947,5.12122,5.809761,3.131082,8.353054,2.432213,6.077349,2.520477,3.466061,5.144492,9.10431,7.977602,14.078588,5.345086,5.661983,6.83985,2.157992,28.524132,29.497892,37.851665,32.704082,21.898533,52.250149,39.053173,12.144272,Not Truck
8.140872,5.155973,3.517495,6.069539,0.784815,3.258793,1.88616,5.401454,2.160937,5.585608,1.562473,4.832684,2.921679,5.35126,7.354222,1.78215,10.983298,16.499685,15.179354,48.128414,5.755882,36.123585,48.043823,23.507732,24.490671,12.603067,Not Truck
1.802795,0.650643,3.438182,2.434355,2.391203,2.379857,2.854414,1.009668,2.382662,2.805836,1.993799,0.883757,4.031583,7.248863,8.021148,3.83408,9.035888,11.276392,7.878182,26.802959,10.964207,59.783134,50.545792,35.130875,18.58984,22.971096,Not Truck
5.965907,2.917383,6.214584,0.935746,2.296876,2.675828,1.640066,1.055573,4.603233,2.467635,1.121526,2.995727,2.491232,6.917973,4.885541,6.465882,11.906344,20.585274,22.218409,13.761304,12.507234,13.403962,38.642159,26.035528,5.633934,9.856682,Not Truck
0.423212,1.839589,0.858565,2.933929,1.686469,1.988852,0.569602,2.744498,2.011268,1.792612,1.671867,1.568324,1.86012,3.640564,4.279488,1.620924,6.140336,1.791516,10.12402,8.733852,7.397883,13.453185,9.703963,15.339053,14.100225,7.589623,Not Truck
15.077823,3.702558,6.432297,7.080079,2.01056,5.247799,2.642767,5.334353,3.72291,0.922893,3.307381,4.428242,4.165229,2.336501,5.831714,6.703172,5.970122,10.102548,26.81806,5.638826,15.358534,32.042572,14.428651,12.714576,20.545868,7.734639,Not Truck
184.980453,54.479851,56.995857,68.148705,51.287472,4.674175,56.982925,30.206635,12.541145,30.656591,18.307804,16.517282,23.222954,8.119531,20.741385,4.949042,17.860262,13.575368,24.906193,28.484591,23.459826,18.198706,6.258048,15.824209,20.635559,0.974706,Not Truck
5.791183,11.322084,3.082241,2.377778,5.299363,9.649154,14.294274,3.07255,6.876228,5.648859,3.373354,8.910897,9.580848,19.425358,18.674524,29.540695,13.772483,31.40881,38.228073,38.687511,69.259933,46.156155,67.056725,26.752312,97.642876,68.223206,Not Truck
38.70834,13.153606,6.762267,17.696938,35.357811,5.932817,8.332704,25.837505,28.447412,11.082396,9.968035,51.083355,62.700584,67.807182,16.745083,49.815483,21.403574,59.568012,33.09573,49.187996,59.206635,79.228874,40.606514,100.265053,146.959442,25.132391,Not Truck
1.297091,4.25011,3.044443,3.375026,3.764567,6.05246,3.040213,2.188056,3.492065,7.574149,4.701204,0.691501,4.48077,8.355796,4.798093,2.281617,9.967994,18.906046,11.14816,7.626154,5.25404,20.500526,17.378227,23.347483,13.044044,15.290687,Not Truck
88.46022,43.259182,39.870125,24.39286,24.810354,16.412598,7.641303,14.151075,6.555485,4.385419,22.110962,5.99431,10.618029,7.773518,15.403417,27.325396,11.909067,22.410652,5.204911,60.377903,29.144283,38.281582,49.038548,47.438068,26.040152,19.029341,Not Truck
5.514402,9.827509,9.243733,8.843426,0.546723,10.648392,11.749932,10.123929,0.887472,12.829427,20.159273,13.86323,7.382071,34.133572,72.57489,37.200104,43.03698,51.425827,57.0448,90.472,27.933729,8.718509,30.879025,32.65942,49.63298,48.074856,Not Truck
17.319883,14.801923,11.663441,8.317813,8.631671,25.671087,14.099362,21.261869,15.163007,0.322307,28.734962,8.171533,41.712101,17.043278,24.733482,45.270351,70.296425,192.899078,228.409195,118.149544,48.697952,109.91201,169.093506,76.30043,26.807293,33.124454,Not Truck
220.311005,98.430641,53.230324,37.408943,32.245426,42.38612,7.962576,16.08486,16.49477,0.78815,10.097887,5.964606,15.029282,22.984865,17.209156,10.716862,12.978858,24.996943,26.788321,24.630478,18.582996,11.568596,37.424973,14.250844,18.27664,16.509577,Not Truck
140.168304,106.865387,109.571762,101.932991,28.829294,66.092583,26.747889,48.134888,17.140663,62.250458,32.471069,28.110554,37.722866,2.838272,24.165712,44.355045,17.952078,54.15855,21.277855,15.903466,18.805487,17.142509,10.554505,33.197613,17.658016,9.652058,Not Truck
181.453384,91.196777,38.078709,25.909861,13.626105,23.645006,8.020104,19.057968,13.832597,9.618891,6.883564,12.840528,10.615666,2.626468,9.407467,4.317295,10.549166,5.279843,4.805983,6.350561,13.280376,10.863791,7.309505,10.538219,6.360706,1.509746,Not Truck
22.531029,3.924114,4.240865,2.640493,1.9621,4.072419,2.174116,3.629029,1.751045,5.429152,3.490963,6.42095,3.057085,5.41142,4.694849,11.845535,5.85344,23.565968,13.00036,23.680283,18.161352,60.226032,64.630424,29.638348,54.010704,34.725323,Not Truck
10.373254,9.8151,9.219622,0.704501,10.677562,5.902698,10.679856,14.472119,12.548395,4.884195,11.186099,11.038601,23.292606,12.757333,11.357699,16.312124,10.181033,13.83136,17.821543,38.99144,122.379181,10.242621,91.02578,79.623558,70.014511,75.081009,Not Truck
0.836019,16.932222,1.447743,12.525544,3.660699,14.34244,7.139844,18.423065,3.370794,14.66441,8.071146,16.89587,9.128639,12.450004,12.649965,25.768883,39.024685,109.19014,72.933113,40.042175,36.788189,60.167934,128.059082,92.886436,24.75539,127.10807,Not Truck
12.918767,11.620554,8.787321,6.006923,10.404785,7.917955,10.696709,16.329067,11.61215,16.115038,17.244711,8.616291,17.182915,26.538656,16.695034,30.309061,45.329807,56.265591,56.537014,34.51886,34.668468,63.7047,54.510086,57.831898,107.351814,82.696342,Not Truck
5.384634,3.643542,11.855629,17.798872,20.685078,14.817893,2.572371,14.372202,9.767935,4.136507,3.706716,11.985509,0.62455,18.921007,15.162359,9.664007,25.012075,52.159733,6.096264,7.095729,68.431915,129.79509,34.082069,45.095516,8.1459,44.194248,Not Truck
11.772681,2.540833,1.874216,7.399711,8.20864,1.662827,3.66126,5.890181,11.052388,5.317134,2.882758,5.970908,19.467144,3.927622,18.057484,27.463322,15.95708,21.972757,23.375479,49.511608,125.800919,101.305084,3.429831,26.210363,28.711473,29.405952,Not Truck
0.651688,15.16156,12.876445,11.431066,7.662428,10.998172,14.398155,14.428609,4.539845,13.902604,18.780926,15.006652,11.953524,14.280869,24.252373,26.164631,3.912403,33.748135,56.073132,98.752472,31.683578,28.548651,66.298584,82.0672,43.663464,40.730495,Not Truck
8.538949,23.679789,8.424656,19.918982,2.830689,9.681712,4.311,2.631122,5.354881,2.864194,20.913345,34.294083,37.642017,50.199566,33.122646,40.590904,27.649746,140.180008,224.456223,323.738647,47.784325,28.870413,80.169762,50.113407,45.342945,16.134359,Not Truck
21.089428,4.378106,7.831527,5.909997,3.761114,11.375405,1.895116,7.417593,7.756798,7.941056,12.58048,2.952831,9.371323,10.529249,10.392834,29.077288,33.565792,46.728836,60.4165,33.463432,102.99868,27.373137,36.597843,55.934708,84.308472,53.954952,Not Truck
4.310052,4.276498,5.69222,5.695916,6.384755,1.709426,3.127849,3.243706,3.025182,12.899335,1.475559,4.188811,5.393637,17.707602,9.75866,19.944662,15.055446,80.659042,49.912941,78.458893,99.168907,97.712341,118.983704,41.145519,38.264019,50.725452,Not Truck
20.527962,2.512848,5.475354,6.560963,14.952127,5.395122,9.637044,5.857084,19.062346,7.3642,11.898554,1.704141,18.460793,5.413781,10.645434,15.835015,23.104576,28.28159,48.224827,32.695473,34.563168,28.182032,53.522217,80.360367,42.894684,13.825575,Not Truck
16.391279,9.404545,6.785477,11.348763,10.500212,29.489601,29.260342,12.066758,19.964584,9.032067,14.051206,33.831032,28.646061,25.08098,29.258219,7.609113,55.452965,46.101089,29.939331,21.551788,38.01585,64.627998,99.225327,65.581566,13.396521,108.816368,Not Truck
19.757885,7.095271,7.520284,7.468068,5.929826,10.462339,2.481371,11.883104,2.437305,9.297926,7.723027,6.404988,6.929016,11.939499,4.348539,39.445709,18.993992,85.13855,22.219477,78.216652,124.524399,61.312321,10.944452,54.531578,28.554203,23.427425,Not Truck
11.752006,16.88376,23.855888,9.022392,11.200264,9.079775,8.651953,11.284214,14.569444,8.910044,11.506169,16.544014,23.089836,23.095133,20.117577,25.681526,40.140156,27.396204,68.115028,49.602612,129.260117,27.475771,42.210903,59.512062,49.222141,83.436157,Not Truck
21.697981,2.655506,13.984487,14.763732,2.890725,17.399931,8.310704,7.236652,21.916782,2.995782,18.99485,12.007628,10.157709,20.904047,11.126281,31.634287,36.341389,34.750801,53.789764,37.577362,181.817062,78.262512,60.516918,43.882309,53.924835,30.020676,Not Truck
55.672611,17.106453,11.430249,8.660512,6.19721,4.787696,6.247025,1.519928,6.903998,5.323552,2.906528,6.798729,1.633051,13.056396,9.259328,17.041685,8.081852,23.828133,38.957291,30.443634,102.275986,58.52602,72.344894,20.208296,119.734001,44.387531,Not Truck
126.895691,6.064265,35.248737,16.695822,9.190264,11.257057,14.792688,17.55344,8.503908,25.529974,26.188446,7.052177,6.122414,19.731638,7.089139,9.571071,28.868303,11.462575,24.421801,14.965322,38.86311,7.059402,7.214294,9.52796,4.153687,10.73728,Not Truck
188.100098,52.208023,54.074867,38.534737,27.706377,21.953255,17.75349,12.659556,11.934389,19.7733,8.592689,7.754516,18.294413,9.457279,8.887994,20.573627,5.573516,25.197611,19.317614,19.082232,40.202751,27.613258,29.542889,27.315048,25.020533,12.899118,Not Truck
7.629755,19.568872,9.811263,5.674963,26.555235,15.376449,13.315307,36.697979,32.05621,30.229029,23.790096,7.112137,28.142731,29.166443,53.66708,33.721504,97.73822,76.6157,45.324879,142.498611,504.783173,42.954227,109.532738,82.35334,32.434544,58.283928,Not Truck
2.721869,3.598545,4.44439,1.388925,6.315195,0.874033,6.186904,3.196051,6.590338,2.758562,11.342053,21.46063,1.372681,3.600179,15.531112,21.474493,45.233856,5.81067,25.02824,73.753342,38.472122,42.316833,41.399994,18.397018,19.082905,16.150105,Not Truck
5.686068,15.887697,19.352396,22.465193,27.414705,45.531063,21.463314,48.591946,26.639957,61.558758,14.553511,54.314243,24.344398,65.739098,6.984643,72.011673,88.155876,66.451469,145.119186,286.424988,353.483826,269.677948,104.88649,78.202858,53.949337,50.658211,Not Truck
35.881416,25.432486,10.630165,31.395439,47.377281,23.675644,16.885462,42.004314,15.652321,7.054626,47.927185,36.098186,38.782906,53.885818,8.247697,80.279747,102.77317,158.221054,90.54673,55.769306,220.746414,147.891891,71.695702,188.219574,95.313957,99.934723,Not Truck
9.248952,17.642262,14.05779,10.276274,6.450717,10.940536,7.808321,10.225696,8.195956,13.536858,4.278068,18.043135,5.551794,25.359915,22.869305,67.414772,41.2514,34.719574,66.827057,104.864983,101.069038,77.006706,90.439583,27.767548,91.553749,52.621731,Not Truck
7.150393,10.793279,5.930677,16.966379,2.035736,18.631191,8.873867,25.66394,10.885571,15.162073,6.816906,8.439783,13.265982,98.681496,25.519278,11.997734,13.205695,83.493126,112.044693,38.973061,95.487892,33.851044,158.940765,50.093678,20.842838,24.97131,Not Truck
15.472831,10.299085,8.673535,10.676167,17.169603,16.459433,26.74354,22.840309,11.884246,31.879883,10.363434,24.404713,10.31385,46.71508,17.921429,43.242165,153.335449,153.558014,140.155685,129.031631,41.710087,50.553875,27.597996,27.978586,16.164713,106.44873,Not Truck
32.916416,7.349436,31.831194,8.855283,14.445665,3.394246,23.530952,11.818042,12.166433,16.113293,6.902817,21.149513,25.235556,45.291515,48.935379,57.463757,50.10685,118.662384,215.598633,190.704681,85.807076,99.986656,31.960554,94.571693,113.547447,108.348976,Not Truck
34.017857,21.545412,22.516062,7.830345,6.596924,16.826159,3.431927,46.783104,15.248622,18.662865,25.264256,37.245453,17.096043,47.843914,54.044872,75.750023,55.18858,34.828995,87.745056,128.011902,249.029053,189.563721,147.032867,57.26189,159.469299,199.683289,Not Truck
16.754768,22.757814,8.285313,21.052433,26.788141,43.234798,25.100119,23.136648,33.840309,48.844566,21.088802,46.146824,14.710555,37.942223,51.402248,123.615463,39.747314,82.175247,172.811462,54.773949,293.76532,159.780121,121.930641,157.610275,29.856403,51.845791,Not Truck
2.612342,11.417447,3.65116,11.405529,15.23688,23.929274,38.200588,29.891472,16.057796,2.499546,10.358912,39.509663,21.602194,51.304417,57.14019,64.958008,155.17099,129.899887,78.887634,56.993343,44.920746,143.945724,159.72673,36.098068,50.267288,43.26368,Not Truck
23.7113,14.662064,4.561202,10.210482,5.573696,10.257616,7.217629,14.183805,4.241919,18.258917,6.812723,22.463232,4.278652,35.321808,6.066709,27.843513,9.818913,40.473957,55.189903,21.379288,124.690498,79.328285,99.684669,112.801521,24.028282,43.796993,Not Truck
1.120794,15.236048,2.66127,12.722837,2.194627,14.308614,1.773103,17.817905,0.34284,18.939648,4.531808,13.904626,4.144731,55.221363,37.745148,15.318646,162.553207,72.576859,365.894379,54.317516,54.407146,110.857269,64.010757,41.162357,70.231438,32.529755,Not Truck
11.817846,6.700458,12.220218,7.667445,9.166645,7.103329,12.966261,11.895625,16.260124,14.765289,23.928539,7.058918,22.993557,27.887476,47.702465,41.86945,51.102051,230.062424,143.005386,85.367722,188.221603,18.306028,53.201401,19.621576,66.468704,25.083944,Not Truck
9.543331,15.916188,15.839689,10.435531,24.444395,10.832089,2.031968,31.624273,28.472618,33.053448,20.328405,13.680821,83.376678,14.282557,27.737181,32.373943,80.533852,15.273397,49.913067,46.818161,228.873688,102.48896,38.072941,24.792273,18.921934,52.236557,Not Truck
5.755415,9.391951,4.040918,3.603853,4.627182,9.717204,0.501658,4.430604,7.942888,8.567956,7.196256,9.402043,8.495863,5.111985,14.304445,20.175482,42.411842,12.728996,18.834364,53.171619,63.583157,31.989853,29.849669,72.578018,14.775576,76.489655,Not Truck
1.581766,3.403921,5.740114,3.143253,1.646857,6.551088,2.957194,6.150068,1.108315,4.303953,2.007922,7.853365,3.634335,12.971325,4.921789,5.300915,12.264789,10.703263,31.056759,12.928608,22.40099,14.170189,26.142336,9.483102,21.089705,17.097557,Not Truck
4.643353,4.887242,4.511671,5.972862,1.789022,6.898666,2.616345,3.89425,3.318412,3.821067,3.493288,7.738958,3.117746,8.550607,4.005011,5.278342,13.75135,10.760458,3.011673,9.273999,28.769726,7.16447,20.379377,14.759243,13.580972,15.030908,Not Truck
5.882788,10.282786,6.775697,12.190117,7.551737,3.973799,7.648517,10.667936,9.553188,5.932777,12.631758,11.650453,6.710754,11.609941,17.980396,31.773823,6.733731,30.967625,32.485302,56.56126,21.775145,13.998317,32.703804,18.133751,22.931871,26.971115,Not Truck
29.872292,5.718583,13.609089,16.899937,23.581608,55.752975,43.316639,9.400498,24.674635,29.704874,28.052137,44.378094,16.08078,31.201672,47.778809,11.06305,98.42514,22.148232,113.316124,143.665024,205.592361,214.33667,204.732712,111.538979,48.279499,134.696823,Not Truck
37.013546,18.873774,7.214952,24.652409,25.191893,33.71426,16.539043,24.29439,33.57085,34.618279,35.540447,25.979769,17.866306,26.794985,49.617313,47.754002,65.40239,20.599102,64.273041,117.889732,316.326416,105.026451,98.031845,34.549316,129.035309,161.954468,Not Truck
8.156234,13.345356,9.097074,8.991078,7.337716,15.663402,23.561142,11.678286,11.138502,40.343758,30.810944,21.591269,22.026766,60.925777,21.777239,30.747559,27.104494,158.296661,136.193146,91.650124,405.387512,53.147087,170.074905,127.954346,90.629723,65.135811,Not Truck
5.046402,29.066736,57.531998,24.033102,13.06417,8.45912,38.244148,14.134345,12.007284,36.945858,8.908208,28.715073,19.286396,37.55962,33.541161,15.786589,35.995319,103.953247,66.133095,49.327503,121.90065,181.556015,70.095314,184.33783,20.530163,13.485369,Not Truck
5.882864,3.353818,4.325018,4.88518,9.080767,3.056162,7.335628,6.467204,4.276444,5.398012,14.344355,4.896548,9.400996,19.762791,14.006528,38.027752,38.214481,95.581039,33.490662,7.100211,184.696396,316.362762,73.264275,119.738335,30.362846,28.444876,Not Truck
5.388654,10.718899,7.382029,5.624429,10.849115,5.86492,9.858735,15.731948,15.648307,11.911043,11.428556,22.920788,9.275248,12.313889,18.706747,36.392117,34.722656,24.802349,104.169006,41.315067,56.015812,44.925392,105.188751,66.690819,187.259232,34.519085,Not Truck
5.780104,9.282595,6.596495,13.594873,8.583049,3.444035,12.872378,11.807497,6.473941,7.114959,14.728029,4.943254,0.705828,12.46508,42.34589,50.123413,38.741596,130.346558,129.889496,92.841705,24.890417,56.803566,100.010475,68.077095,28.277584,44.041336,Not Truck
4.637763,15.7893,11.288735,17.939352,3.848937,17.060099,14.200673,11.301582,34.696468,28.38872,24.671064,14.450552,32.504669,48.650799,13.907312,31.929108,28.781605,100.243088,94.859406,109.452095,103.118393,94.185356,75.617882,14.232208,118.037445,79.616295,Not Truck
7.02442,6.716441,7.781811,13.713283,9.934114,13.419676,2.353104,13.715276,20.194853,22.033981,13.827831,7.560149,15.844485,9.42842,22.826572,42.165241,57.013454,121.00811,105.282425,102.813843,103.474113,70.497017,62.045033,83.292191,103.229202,90.244514,Not Truck
31.1425,40.898579,3.757479,9.265584,5.27785,13.68768,3.833318,9.693111,12.100827,16.97827,6.203695,5.217323,13.230103,10.606506,13.250315,42.203697,20.231083,24.313551,50.422153,83.150536,82.346199,74.683441,119.991432,71.170654,101.135574,62.054253,Not Truck
11.282476,15.943839,14.948112,10.91147,0.681716,15.771589,17.8032,11.399597,7.874854,10.220635,24.242311,17.424463,13.287088,17.983793,35.418491,24.391605,15.542601,21.95989,110.527359,26.745874,107.38929,151.787033,264.775177,42.941475,171.555023,72.875824,Not Truck
21.958513,15.761297,26.22257,23.40156,9.425057,29.554951,25.755737,17.260597,61.731922,26.937918,35.488129,35.915226,14.572248,80.515121,51.081387,113.492752,27.676809,156.423645,119.319344,182.701691,83.059845,150.777802,108.465668,130.730225,96.155884,67.976578,Not Truck
8.318365,8.191176,15.302433,10.440964,8.482925,10.195278,16.832594,19.640764,18.910725,10.813853,35.605095,26.23575,21.303144,3.508334,25.015047,66.81987,182.002014,81.082855,143.995193,46.424118,215.121201,130.335556,137.29187,25.867229,153.021713,78.405952,Not Truck
7.600501,11.700992,19.518559,29.66991,24.229912,43.419552,22.490595,37.233326,14.918097,22.3459,7.542947,26.327892,13.892455,39.390621,45.19791,108.122948,55.354561,57.134533,8.754025,171.164383,88.735596,163.943161,137.37323,24.843954,103.925049,89.913338,Not Truck
16.896025,7.636344,9.248905,5.056189,2.375886,5.689949,4.502688,8.038874,9.279458,8.524131,11.229839,4.6854,49.066277,13.889566,4.384742,6.105902,14.571548,4.511718,29.687078,2.102373,11.991432,22.073519,17.236376,15.220351,13.680147,4.734376,Not Truck
12.450211,16.994991,13.600991,13.785633,17.835251,26.14987,3.465591,31.462982,14.562526,21.387707,14.897571,64.107521,19.035774,37.143345,52.062607,56.590931,43.313278,91.012199,185.012009,373.266449,259.495422,132.706131,95.833397,137.264893,28.072086,79.132469,Not Truck
1.5323,12.829444,8.662235,9.848816,11.800139,8.036592,7.624698,14.505551,16.680771,23.657944,4.706444,20.358664,10.386826,18.707886,55.061169,32.427521,80.698235,61.552353,51.751942,51.332489,176.070999,46.963078,46.864216,97.582726,25.034924,69.224037,Not Truck
32.785835,15.599611,11.087856,6.800421,10.79123,5.232477,4.060589,1.379081,1.814018,7.604312,3.577091,4.414576,3.489519,19.440805,6.603251,12.515103,6.338994,13.651961,27.999712,25.577984,43.038803,21.611618,18.336033,23.54409,3.019996,12.929659,Not Truck
1.850643,7.950836,5.670282,6.374918,4.514312,7.775569,8.503827,9.412408,8.274522,22.290127,37.280384,36.296406,7.814209,40.755249,103.106285,95.659843,49.535194,78.051018,27.997366,30.492657,86.38839,51.441898,35.823635,27.623352,9.933495,21.994244,Not Truck
26.306881,9.992008,4.04438,6.158288,4.214262,1.927312,5.146063,3.512702,3.240424,4.167271,1.632269,4.692764,11.1158,5.870213,15.23487,12.523243,24.671572,35.607227,41.324173,48.322571,53.193188,27.499941,46.980072,22.078865,115.043243,38.680954,Not Truck
14.817299,8.277431,4.436312,16.782961,5.215603,22.925983,5.025662,24.118324,6.903401,31.317154,13.158328,29.928322,9.814318,46.332592,8.187843,54.195976,12.506006,47.116123,19.248028,76.46373,61.869289,192.534622,502.760437,203.957626,98.602417,27.898674,Not Truck
5.874548,23.503819,13.702111,2.856703,21.932812,21.096121,11.805539,26.026003,7.179165,20.70698,22.529943,13.652177,7.564441,19.647493,5.651517,59.124748,13.75692,18.096189,13.628069,50.450737,66.856308,56.944038,163.632675,84.118866,27.858892,20.482197,Not Truck